subreddit,title,post_text,upvotes,keyword_detected
IndianSkincareAddicts,Hair fall help needed,Looking for a non-greasy hair growth solution that actually works for Indian climate. Current serums are all too oily,120,rosemary oil
IndianHairLossRecovery,Serum alternatives,Any lightweight serum recommendations for daily use? Current one from Man Matters is way too oily and stains everything,95,lightweight serum
IndianSkincareAddicts,Greasy serums rant,"Why are all Indian hair serums so greasy and sticky? Need something lightweight for the humid weather. Tired of oily pillowcases",210,greasy hair serum
malegrooming,Irritation from hair products,"My scalp gets itchy and burns after using most hair growth serums. Does anyone have gentle options that actually work?",78,scalp irritation
IndianHairLossRecovery,Affordable growth solutions,"Most effective hair growth products are ₹800+ which is too expensive for monthly use. Any budget options under ₹500?",156,affordable hair growth
IndianSkincareAddicts,Minoxidil side effects,"Been on minoxidil for 3 months — works but causing serious scalp dryness and flaking. Want something natural instead",180,minoxidil alternative
IndianHairLossRecovery,Rosemary oil results,"Started rosemary oil 6 weeks ago and already seeing baby hairs! Way better than the chemical serums I was using before",245,rosemary oil
malegrooming,Best hair supplements India,"Do biotin gummies actually work? Tried Man Matters tablets for 2 months with zero change. Looking for something proven",92,biotin supplements
IndianSkincareAddicts,Redensyl vs Minoxidil,"Has anyone compared Redensyl serums with Minoxidil? Want clinical results without the side effects and dependency",165,redensyl serum
IndianHairLossRecovery,Clean label products,"All these hair growth brands use parabens and sulfates. Where are the truly clean natural options for hair regrowth?",134,clean label haircare
IndianSkincareAddicts,Small bottle problem,"Why do all these premium serums come in tiny 30ml bottles? A month supply should be standard. Feels like a scam",88,hair serum quantity
malegrooming,Hair thinning at 25,"Noticing significant hair thinning at 25. Need a comprehensive solution — diet supplements plus topical. What works?",201,early hair thinning
IndianHairLossRecovery,Caffeine shampoo experience,"Tried mCaffeine shampoo. The caffeine concept is great but the chemical smell is unbearable. Need fragrance-free option",74,caffeine hair growth
IndianSkincareAddicts,Travel friendly hair products,"Need a leak-proof hair serum for travel. My current one always spills in my bag. Any reliable packaging recommendations?",67,travel hair serum
